Page,Link Type,Current URL,Status,Issue,Recommended Action,Priority,Notes
Homepage,External,#,Broken,Placeholder anchor link,Remove or replace with valid URL,Low,Multiple # links in navigation
Homepage,Internal,/solutions/ai-demos,Active,None,No action needed,N/A,Working correctly
About Page,External,https://linkedin.com/company/gridspark,Unverified,LinkedIn profile may not exist,Verify and create if needed,Medium,Create company LinkedIn profile
Contact Page,Internal,/contact#form,Active,Hash navigation,Ensure smooth scroll behavior,Low,Consider adding scroll-margin-top
AI Demos,External,#,Broken,Placeholder for demo links,Replace with actual demo URLs,High,Critical for user engagement
Chatbot Details,Internal,/contact,Active,None,No action needed,N/A,Working correctly
Footer,External,https://twitter.com/gridspark,Unverified,Twitter handle may not exist,Verify and create if needed,Medium,Create Twitter/X account
Footer,External,https://facebook.com/gridspark,Unverified,Facebook page may not exist,Verify and create if needed,Low,Optional social media presence
Navbar,Internal,/dashboard,Active,Behind auth,Add authentication check before redirect,Medium,Prevent 404 for logged out users
Solutions Page,Internal,/solutions/case-studies,Active,Thin content,Expand with real case studies,High,Add 3-5 detailed case studies
Resources Page,External,#blog,Broken,Blog not implemented,Create blog or remove link,High,Consider adding company blog
Newsletter Section,External,#,Broken,Newsletter signup placeholder,Integrate email service (Mailchimp/ConvertKit),High,Required for lead generation
Partner Page,External,#partner-form,Broken,Form not implemented,Create partner application form,Medium,Add Google Forms or Typeform
Privacy Policy,Internal,/legal/privacy-policy,Active,None,No action needed,N/A,Legal page active
Terms,Internal,/legal/terms,Active,None,No action needed,N/A,Legal page active
Cookie Policy,Internal,/legal/cookie-policy,Active,None,No action needed,N/A,Legal page active

Redirect Recommendations:
Old URL,New URL,Redirect Type,Reason
/about/team,/about,301 Permanent,Consolidate team info into main about page
/blog,/resources,301 Permanent,Blog not implemented - redirect to resources
/contact-us,/contact,301 Permanent,Standardize contact page URL
/demos,/solutions/ai-demos,301 Permanent,More descriptive URL structure

Broken External Link Summary:
Total External Links,Verified Links,Unverified Links,Broken Links,Action Required
18,12,4,2,6 links need verification/creation

Internal Link Health:
Total Internal Links,Active Links,Auth-Protected Links,Placeholder Links,Optimization Needed
45,38,3,4,7 links need attention

Social Media Audit:
Platform,Current Link,Status,Action Required,Priority
LinkedIn,https://linkedin.com/company/gridspark,Unverified,Create and verify company page,High
Twitter/X,https://twitter.com/gridspark,Unverified,Create and verify account,Medium
Facebook,https://facebook.com/gridspark,Unverified,Create and verify page,Low
Instagram,Not linked,Missing,Consider adding Instagram presence,Low

Email Links:
Type,Address,Status,Action Required
Contact,contact@gridsparksolutions.com,Active,Ensure email is monitored
Support,support@gridsparksolutions.com,Unverified,Create support email or redirect to contact
Sales,sales@gridsparksolutions.com,Unverified,Create sales email or use contact@

Phone Numbers:
Type,Number,Status,Action Required
Main,1-800-GRID-AI,Placeholder,Replace with real phone number or remove
Support,Not listed,Missing,Add support phone number (optional)

Image Link Audit:
Page,Image Source,Status,Issue,Action Required
AI Demos,/images/placeholder-chatbot.jpg,Placeholder,Generic stock image,Replace with custom screenshots
Document AI,/images/placeholder-docs.jpg,Placeholder,Generic stock image,Replace with product screenshots
Solutions,/images/placeholder-ai.jpg,Placeholder,Generic stock image,Replace with branded imagery

Form Action URLs:
Form Type,Current Action,Status,Issue,Action Required
Contact Form,#,Broken,No backend handler,Integrate FormSpree/Netlify Forms
Newsletter,#,Broken,No email service,Integrate Mailchimp/ConvertKit
Partner Form,#,Broken,Form not implemented,Create partner application

Priority Actions Summary:
Priority Level,Total Issues,Estimated Fix Time,Impact on SEO
High,8,6-8 hours,Major - affects user experience & conversions
Medium,6,3-4 hours,Moderate - affects credibility
Low,4,1-2 hours,Minor - cosmetic improvements

Quick Wins (1-2 hours):
- Replace # placeholder links with valid URLs or remove
- Verify and create social media accounts
- Add working contact form backend
- Replace placeholder images with real screenshots

Long-term Improvements (8-12 hours):
- Create company blog with 5-10 initial posts
- Add 3-5 detailed case studies
- Set up email marketing integration
- Create partner application process
- Implement proper authentication flow for /dashboard
